store,day,hours
2376,Sunday,6:00AM-11:00P
2376,Monday,6:00AM-12:00AM
2376,Tuesday,6:00AM-12:00AM
2376,Wednesday,6:00AM-12:00AM
2376,Thursday,6:00AM-12:00AM
2376,Friday,6:00AM-12:00AM
2376,Saturday,6:00AM-12:00AM
0378,Sunday,24 hours
0378,Monday,24 hours
0378,Tuesday,24 hours
0378,Wednesday,24 hours
0378,Thursday,24 hours
0378,Friday,24 hours
0378,Saturday,24 hours
2381,Sunday,6:00AM-12:00AM
2381,Monday,6:00AM-12:00AM
2381,Tuesday,6:00AM-12:00AM
2381,Wednesday,6:00AM-12:00AM
2381,Thursday,6:00AM-12:00AM
2381,Friday,6:00AM-12:00AM
2381,Saturday,6:00AM-12:00AM
0375,Sunday,6:00AM-11:00P
0375,Monday,6:00AM-12:00AM
0375,Tuesday,6:00AM-12:00AM
0375,Wednesday,6:00AM-12:00AM
0375,Thursday,6:00AM-12:00AM
0375,Friday,6:00AM-12:00AM
0375,Saturday,6:00AM-12:00AM
2379,Sunday,6:00AM-12:00AM
2379,Monday,6:00AM-12:00AM
2379,Tuesday,6:00AM-12:00AM
2379,Wednesday,6:00AM-12:00AM
2379,Thursday,6:00AM-12:00AM
2379,Friday,6:00AM-12:00AM
2379,Saturday,6:00AM-12:00AM
0383,Sunday,6:00AM-11:00P
0383,Monday,6:00AM-12:00AM
0383,Tuesday,6:00AM-12:00AM
0383,Wednesday,6:00AM-12:00AM
0383,Thursday,6:00AM-12:00AM
0383,Friday,6:00AM-12:00AM
0383,Saturday,6:00AM-12:00AM
0771,Sunday,6:00AM-11:00P
0771,Monday,6:00AM-12:00AM
0771,Tuesday,6:00AM-12:00AM
0771,Wednesday,6:00AM-12:00AM
0771,Thursday,6:00AM-12:00AM
0771,Friday,6:00AM-12:00AM
0771,Saturday,6:00AM-12:00AM
0743,Sunday,6:00AM-11:00P
0743,Monday,6:00AM-12:00AM
0743,Tuesday,6:00AM-12:00AM
0743,Wednesday,6:00AM-12:00AM
0743,Thursday,6:00AM-12:00AM
0743,Friday,6:00AM-12:00AM
0743,Saturday,6:00AM-12:00AM
0774,Sunday,6:00AM-11:00P
0774,Monday,6:00AM-12:00AM
0774,Tuesday,6:00AM-12:00AM
0774,Wednesday,6:00AM-12:00AM
0774,Thursday,6:00AM-12:00AM
0774,Friday,6:00AM-12:00AM
0774,Saturday,6:00AM-12:00AM
0140,Sunday,6:00AM-11:00P
0140,Monday,6:00AM-12:00AM
0140,Tuesday,6:00AM-12:00AM
0140,Wednesday,6:00AM-12:00AM
0140,Thursday,6:00AM-12:00AM
0140,Friday,6:00AM-12:00AM
0140,Saturday,6:00AM-12:00AM
0748,Sunday,6:00AM-11:00P
0748,Monday,6:00AM-12:00AM
0748,Tuesday,6:00AM-12:00AM
0748,Wednesday,6:00AM-12:00AM
0748,Thursday,6:00AM-12:00AM
0748,Friday,6:00AM-12:00AM
0748,Saturday,6:00AM-12:00AM
0312,Sunday,6:00AM-10:00P
0312,Monday,6:00AM-10:00P
0312,Tuesday,6:00AM-10:00P
0312,Wednesday,6:00AM-10:00P
0312,Thursday,6:00AM-10:00P
0312,Friday,6:00AM-10:00P
0312,Saturday,6:00AM-10:00P
0384,Sunday,6:00AM-11:00P
0384,Monday,6:00AM-12:00AM
0384,Tuesday,6:00AM-12:00AM
0384,Wednesday,6:00AM-12:00AM
0384,Thursday,6:00AM-12:00AM
0384,Friday,6:00AM-12:00AM
0384,Saturday,6:00AM-12:00AM
2742,Sunday,6:00AM-11:00P
2742,Monday,6:00AM-12:00AM
2742,Tuesday,6:00AM-12:00AM
2742,Wednesday,6:00AM-12:00AM
2742,Thursday,6:00AM-12:00AM
2742,Friday,6:00AM-12:00AM
2742,Saturday,6:00AM-12:00AM
0357,Sunday,6:00AM-11:00P
0357,Monday,6:00AM-12:00AM
0357,Tuesday,6:00AM-12:00AM
0357,Wednesday,6:00AM-12:00AM
0357,Thursday,6:00AM-12:00AM
0357,Friday,6:00AM-12:00AM
0357,Saturday,6:00AM-12:00AM
0354,Sunday,6:00AM-11:00P
0354,Monday,6:00AM-12:00AM
0354,Tuesday,6:00AM-12:00AM
0354,Wednesday,6:00AM-12:00AM
0354,Thursday,6:00AM-12:00AM
0354,Friday,6:00AM-12:00AM
0354,Saturday,6:00AM-12:00AM
0334,Sunday,6:00AM-11:00P
0334,Monday,6:00AM-12:00AM
0334,Tuesday,6:00AM-12:00AM
0334,Wednesday,6:00AM-12:00AM
0334,Thursday,6:00AM-12:00AM
0334,Friday,6:00AM-12:00AM
0334,Saturday,6:00AM-12:00AM
0780,Sunday,24 hours
0780,Monday,24 hours
0780,Tuesday,24 hours
0780,Wednesday,24 hours
0780,Thursday,24 hours
0780,Friday,24 hours
0780,Saturday,24 hours
0327,Sunday,6:00AM-11:00P
0327,Monday,6:00AM-12:00AM
0327,Tuesday,6:00AM-12:00AM
0327,Wednesday,6:00AM-12:00AM
0327,Thursday,6:00AM-12:00AM
0327,Friday,6:00AM-12:00AM
0327,Saturday,6:00AM-12:00AM
0341,Sunday,6:00AM-11:00P
0341,Monday,6:00AM-12:00AM
0341,Tuesday,6:00AM-12:00AM
0341,Wednesday,6:00AM-12:00AM
0341,Thursday,6:00AM-12:00AM
0341,Friday,6:00AM-12:00AM
0341,Saturday,6:00AM-12:00AM
0366,Sunday,6:00AM-11:00P
0366,Monday,6:00AM-12:00AM
0366,Tuesday,6:00AM-12:00AM
0366,Wednesday,6:00AM-12:00AM
0366,Thursday,6:00AM-12:00AM
0366,Friday,6:00AM-12:00AM
0366,Saturday,6:00AM-12:00AM
0342,Sunday,6:00AM-11:00P
0342,Monday,6:00AM-12:00AM
0342,Tuesday,6:00AM-12:00AM
0342,Wednesday,6:00AM-12:00AM
0342,Thursday,6:00AM-12:00AM
0342,Friday,6:00AM-12:00AM
0342,Saturday,6:00AM-12:00AM
0261,Sunday,6:00AM-11:00P
0261,Monday,6:00AM-12:00AM
0261,Tuesday,6:00AM-12:00AM
0261,Wednesday,6:00AM-12:00AM
0261,Thursday,6:00AM-12:00AM
0261,Friday,6:00AM-12:00AM
0261,Saturday,6:00AM-12:00AM
0373,Sunday,6:00AM-11:00P
0373,Monday,6:00AM-12:00AM
0373,Tuesday,6:00AM-12:00AM
0373,Wednesday,6:00AM-12:00AM
0373,Thursday,6:00AM-12:00AM
0373,Friday,6:00AM-12:00AM
0373,Saturday,6:00AM-12:00AM
0758,Sunday,24 hours
0758,Monday,24 hours
0758,Tuesday,24 hours
0758,Wednesday,24 hours
0758,Thursday,24 hours
0758,Friday,24 hours
0758,Saturday,24 hours
0765,Sunday,6:00AM-11:00P
0765,Monday,6:00AM-12:00AM
0765,Tuesday,6:00AM-12:00AM
0765,Wednesday,6:00AM-12:00AM
0765,Thursday,6:00AM-12:00AM
0765,Friday,6:00AM-12:00AM
0765,Saturday,6:00AM-12:00AM
0242,Sunday,6:00AM-11:00P
0242,Monday,6:00AM-12:00AM
0242,Tuesday,6:00AM-12:00AM
0242,Wednesday,6:00AM-12:00AM
0242,Thursday,6:00AM-12:00AM
0242,Friday,6:00AM-12:00AM
0242,Saturday,6:00AM-12:00AM
0315,Sunday,6:00AM-11:00P
0315,Monday,6:00AM-12:00AM
0315,Tuesday,6:00AM-12:00AM
0315,Wednesday,6:00AM-12:00AM
0315,Thursday,6:00AM-12:00AM
0315,Friday,6:00AM-12:00AM
0315,Saturday,6:00AM-12:00AM
0233,Sunday,6:00AM-11:00P
0233,Monday,6:00AM-12:00AM
0233,Tuesday,6:00AM-12:00AM
0233,Wednesday,6:00AM-12:00AM
0233,Thursday,6:00AM-12:00AM
0233,Friday,6:00AM-12:00AM
0233,Saturday,6:00AM-12:00AM
0336,Sunday,6:00AM-11:00P
0336,Monday,6:00AM-12:00AM
0336,Tuesday,6:00AM-12:00AM
0336,Wednesday,6:00AM-12:00AM
0336,Thursday,6:00AM-12:00AM
0336,Friday,6:00AM-12:00AM
0336,Saturday,6:00AM-12:00AM
0316,Sunday,6:00AM-11:00P
0316,Monday,6:00AM-12:00AM
0316,Tuesday,6:00AM-12:00AM
0316,Wednesday,6:00AM-12:00AM
0316,Thursday,6:00AM-12:00AM
0316,Friday,6:00AM-12:00AM
0316,Saturday,6:00AM-12:00AM
0350,Sunday,6:00AM-11:00P
0350,Monday,6:00AM-12:00AM
0350,Tuesday,6:00AM-12:00AM
0350,Wednesday,6:00AM-12:00AM
0350,Thursday,6:00AM-12:00AM
0350,Friday,6:00AM-12:00AM
0350,Saturday,6:00AM-12:00AM
0132,Sunday,24 hours
0132,Monday,24 hours
0132,Tuesday,24 hours
0132,Wednesday,24 hours
0132,Thursday,24 hours
0132,Friday,24 hours
0132,Saturday,24 hours
0760,Sunday,6:00AM-11:00P
0760,Monday,6:00AM-12:00AM
0760,Tuesday,6:00AM-12:00AM
0760,Wednesday,6:00AM-12:00AM
0760,Thursday,6:00AM-12:00AM
0760,Friday,6:00AM-12:00AM
0760,Saturday,6:00AM-12:00AM
0123,Sunday,6:00AM-11:00P
0123,Monday,6:00AM-12:00AM
0123,Tuesday,6:00AM-12:00AM
0123,Wednesday,6:00AM-12:00AM
0123,Thursday,6:00AM-12:00AM
0123,Friday,6:00AM-12:00AM
0123,Saturday,6:00AM-12:00AM
0749,Sunday,6:00AM-11:00P
0749,Monday,6:00AM-12:00AM
0749,Tuesday,6:00AM-12:00AM
0749,Wednesday,6:00AM-12:00AM
0749,Thursday,6:00AM-12:00AM
0749,Friday,6:00AM-12:00AM
0749,Saturday,6:00AM-12:00AM
0249,Sunday,6:00AM-11:00P
0249,Monday,6:00AM-12:00AM
0249,Tuesday,6:00AM-12:00AM
0249,Wednesday,6:00AM-12:00AM
0249,Thursday,6:00AM-12:00AM
0249,Friday,6:00AM-12:00AM
0249,Saturday,6:00AM-12:00AM
0147,Sunday,6:00AM-11:00P
0147,Monday,6:00AM-12:00AM
0147,Tuesday,6:00AM-12:00AM
0147,Wednesday,6:00AM-12:00AM
0147,Thursday,6:00AM-12:00AM
0147,Friday,6:00AM-12:00AM
0147,Saturday,6:00AM-12:00AM
0232,Sunday,6:00AM-11:00P
0232,Monday,6:00AM-12:00AM
0232,Tuesday,6:00AM-12:00AM
0232,Wednesday,6:00AM-12:00AM
0232,Thursday,6:00AM-12:00AM
0232,Friday,6:00AM-12:00AM
0232,Saturday,6:00AM-12:00AM
0125,Sunday,6:00AM-11:00P
0125,Monday,6:00AM-12:00AM
0125,Tuesday,6:00AM-12:00AM
0125,Wednesday,6:00AM-12:00AM
0125,Thursday,6:00AM-12:00AM
0125,Friday,6:00AM-12:00AM
0125,Saturday,6:00AM-12:00AM
0107,Sunday,6:00AM-11:00P
0107,Monday,6:00AM-12:00AM
0107,Tuesday,6:00AM-12:00AM
0107,Wednesday,6:00AM-12:00AM
0107,Thursday,6:00AM-12:00AM
0107,Friday,6:00AM-12:00AM
0107,Saturday,6:00AM-12:00AM
0106,Sunday,6:00AM-11:00P
0106,Monday,6:00AM-12:00AM
0106,Tuesday,6:00AM-12:00AM
0106,Wednesday,6:00AM-12:00AM
0106,Thursday,6:00AM-12:00AM
0106,Friday,6:00AM-12:00AM
0106,Saturday,6:00AM-12:00AM
0347,Sunday,6:00AM-11:00P
0347,Monday,6:00AM-12:00AM
0347,Tuesday,6:00AM-12:00AM
0347,Wednesday,6:00AM-12:00AM
0347,Thursday,6:00AM-12:00AM
0347,Friday,6:00AM-12:00AM
0347,Saturday,6:00AM-12:00AM
0152,Sunday,6:00AM-11:00P
0152,Monday,6:00AM-12:00AM
0152,Tuesday,6:00AM-12:00AM
0152,Wednesday,6:00AM-12:00AM
0152,Thursday,6:00AM-12:00AM
0152,Friday,6:00AM-12:00AM
0152,Saturday,6:00AM-12:00AM
0777,Sunday,6:00AM-11:00P
0777,Monday,6:00AM-12:00AM
0777,Tuesday,6:00AM-12:00AM
0777,Wednesday,6:00AM-12:00AM
0777,Thursday,6:00AM-12:00AM
0777,Friday,6:00AM-12:00AM
0777,Saturday,6:00AM-12:00AM
0763,Sunday,6:00AM-11:00P
0763,Monday,6:00AM-12:00AM
0763,Tuesday,6:00AM-12:00AM
0763,Wednesday,6:00AM-12:00AM
0763,Thursday,6:00AM-12:00AM
0763,Friday,6:00AM-12:00AM
0763,Saturday,6:00AM-12:00AM
0198,Sunday,6:00AM-11:00P
0198,Monday,6:00AM-12:00AM
0198,Tuesday,6:00AM-12:00AM
0198,Wednesday,6:00AM-12:00AM
0198,Thursday,6:00AM-12:00AM
0198,Friday,6:00AM-12:00AM
0198,Saturday,6:00AM-12:00AM
0759,Sunday,6:00AM-11:00P
0759,Monday,6:00AM-12:00AM
0759,Tuesday,6:00AM-12:00AM
0759,Wednesday,6:00AM-12:00AM
0759,Thursday,6:00AM-12:00AM
0759,Friday,6:00AM-12:00AM
0759,Saturday,6:00AM-12:00AM
0301,Sunday,6:00AM-11:00P
0301,Monday,6:00AM-12:00AM
0301,Tuesday,6:00AM-12:00AM
0301,Wednesday,6:00AM-12:00AM
0301,Thursday,6:00AM-12:00AM
0301,Friday,6:00AM-12:00AM
0301,Saturday,6:00AM-12:00AM
0326,Sunday,6:00AM-11:00P
0326,Monday,6:00AM-12:00AM
0326,Tuesday,6:00AM-12:00AM
0326,Wednesday,6:00AM-12:00AM
0326,Thursday,6:00AM-12:00AM
0326,Friday,6:00AM-12:00AM
0326,Saturday,6:00AM-12:00AM
2743,Sunday,6:00AM-11:00P
2743,Monday,6:00AM-12:00AM
2743,Tuesday,6:00AM-12:00AM
2743,Wednesday,6:00AM-12:00AM
2743,Thursday,6:00AM-12:00AM
2743,Friday,6:00AM-12:00AM
2743,Saturday,6:00AM-12:00AM
0756,Sunday,6:00AM-11:00P
0756,Monday,6:00AM-12:00AM
0756,Tuesday,6:00AM-12:00AM
0756,Wednesday,6:00AM-12:00AM
0756,Thursday,6:00AM-12:00AM
0756,Friday,6:00AM-12:00AM
0756,Saturday,6:00AM-12:00AM
0135,Sunday,6:00AM-11:00P
0135,Monday,6:00AM-12:00AM
0135,Tuesday,6:00AM-12:00AM
0135,Wednesday,6:00AM-12:00AM
0135,Thursday,6:00AM-12:00AM
0135,Friday,6:00AM-12:00AM
0135,Saturday,6:00AM-12:00AM
0231,Sunday,6:00AM-11:00P
0231,Monday,6:00AM-12:00AM
0231,Tuesday,6:00AM-12:00AM
0231,Wednesday,6:00AM-12:00AM
0231,Thursday,6:00AM-12:00AM
0231,Friday,6:00AM-12:00AM
0231,Saturday,6:00AM-12:00AM
0319,Sunday,6:00AM-11:00P
0319,Monday,6:00AM-12:00AM
0319,Tuesday,6:00AM-12:00AM
0319,Wednesday,6:00AM-12:00AM
0319,Thursday,6:00AM-12:00AM
0319,Friday,6:00AM-12:00AM
0319,Saturday,6:00AM-12:00AM
0229,Sunday,6:00AM-11:00P
0229,Monday,6:00AM-12:00AM
0229,Tuesday,6:00AM-12:00AM
0229,Wednesday,6:00AM-12:00AM
0229,Thursday,6:00AM-12:00AM
0229,Friday,6:00AM-12:00AM
0229,Saturday,6:00AM-12:00AM
2301,Sunday,6:00AM-11:00P
2301,Monday,6:00AM-12:00AM
2301,Tuesday,6:00AM-12:00AM
2301,Wednesday,6:00AM-12:00AM
2301,Thursday,6:00AM-12:00AM
2301,Friday,6:00AM-12:00AM
2301,Saturday,6:00AM-12:00AM
0329,Sunday,6:00AM-11:00P
0329,Monday,6:00AM-12:00AM
0329,Tuesday,6:00AM-12:00AM
0329,Wednesday,6:00AM-12:00AM
0329,Thursday,6:00AM-12:00AM
0329,Friday,6:00AM-12:00AM
0329,Saturday,6:00AM-12:00AM
0767,Sunday,10:00AM-5:00P
0767,Monday,9:00AM-9:00P
0767,Tuesday,9:00AM-9:00P
0767,Wednesday,9:00AM-9:00P
0767,Thursday,9:00AM-9:00P
0767,Friday,9:00AM-9:00P
0767,Saturday,9:00AM-6:00P
0338,Sunday,6:00AM-11:00P
0338,Monday,6:00AM-12:00AM
0338,Tuesday,6:00AM-12:00AM
0338,Wednesday,6:00AM-12:00AM
0338,Thursday,6:00AM-12:00AM
0338,Friday,6:00AM-12:00AM
0338,Saturday,6:00AM-12:00AM
0228,Sunday,6:00AM-11:00P
0228,Monday,6:00AM-12:00AM
0228,Tuesday,6:00AM-12:00AM
0228,Wednesday,6:00AM-12:00AM
0228,Thursday,6:00AM-12:00AM
0228,Friday,6:00AM-12:00AM
0228,Saturday,6:00AM-12:00AM
0795,Sunday,6:00AM-11:00P
0795,Monday,6:00AM-12:00AM
0795,Tuesday,6:00AM-12:00AM
0795,Wednesday,6:00AM-12:00AM
0795,Thursday,6:00AM-12:00AM
0795,Friday,6:00AM-12:00AM
0795,Saturday,6:00AM-12:00AM
0340,Sunday,6:00AM-11:00P
0340,Monday,6:00AM-12:00AM
0340,Tuesday,6:00AM-12:00AM
0340,Wednesday,6:00AM-12:00AM
0340,Thursday,6:00AM-12:00AM
0340,Friday,6:00AM-12:00AM
0340,Saturday,6:00AM-12:00AM
0783,Sunday,6:00AM-11:00P
0783,Monday,6:00AM-12:00AM
0783,Tuesday,6:00AM-12:00AM
0783,Wednesday,6:00AM-12:00AM
0783,Thursday,6:00AM-12:00AM
0783,Friday,6:00AM-12:00AM
0783,Saturday,6:00AM-12:00AM
0127,Sunday,6:00AM-11:00P
0127,Monday,6:00AM-12:00AM
0127,Tuesday,6:00AM-12:00AM
0127,Wednesday,6:00AM-12:00AM
0127,Thursday,6:00AM-12:00AM
0127,Friday,6:00AM-12:00AM
0127,Saturday,6:00AM-12:00AM
0161,Sunday,6:00AM-11:00P
0161,Monday,6:00AM-12:00AM
0161,Tuesday,6:00AM-12:00AM
0161,Wednesday,6:00AM-12:00AM
0161,Thursday,6:00AM-12:00AM
0161,Friday,6:00AM-12:00AM
0161,Saturday,6:00AM-12:00AM
0310,Sunday,6:00AM-11:00P
0310,Monday,6:00AM-12:00AM
0310,Tuesday,6:00AM-12:00AM
0310,Wednesday,6:00AM-12:00AM
0310,Thursday,6:00AM-12:00AM
0310,Friday,6:00AM-12:00AM
0310,Saturday,6:00AM-12:00AM
0368,Sunday,6:00AM-11:00P
0368,Monday,6:00AM-12:00AM
0368,Tuesday,6:00AM-12:00AM
0368,Wednesday,6:00AM-12:00AM
0368,Thursday,6:00AM-12:00AM
0368,Friday,6:00AM-12:00AM
0368,Saturday,6:00AM-12:00AM
0330,Sunday,6:00AM-11:00P
0330,Monday,6:00AM-12:00AM
0330,Tuesday,6:00AM-12:00AM
0330,Wednesday,6:00AM-12:00AM
0330,Thursday,6:00AM-12:00AM
0330,Friday,6:00AM-12:00AM
0330,Saturday,6:00AM-12:00AM
0361,Sunday,6:00AM-11:00P
0361,Monday,6:00AM-12:00AM
0361,Tuesday,6:00AM-12:00AM
0361,Wednesday,6:00AM-12:00AM
0361,Thursday,6:00AM-12:00AM
0361,Friday,6:00AM-12:00AM
0361,Saturday,6:00AM-12:00AM
0747,Sunday,6:00AM-11:00P
0747,Monday,6:00AM-12:00AM
0747,Tuesday,6:00AM-12:00AM
0747,Wednesday,6:00AM-12:00AM
0747,Thursday,6:00AM-12:00AM
0747,Friday,6:00AM-12:00AM
0747,Saturday,6:00AM-12:00AM
0798,Sunday,6:00AM-11:00P
0798,Monday,6:00AM-12:00AM
0798,Tuesday,6:00AM-12:00AM
0798,Wednesday,6:00AM-12:00AM
0798,Thursday,6:00AM-12:00AM
0798,Friday,6:00AM-12:00AM
0798,Saturday,6:00AM-12:00AM
0753,Sunday,6:00AM-11:00P
0753,Monday,6:00AM-12:00AM
0753,Tuesday,6:00AM-12:00AM
0753,Wednesday,6:00AM-12:00AM
0753,Thursday,6:00AM-12:00AM
0753,Friday,6:00AM-12:00AM
0753,Saturday,6:00AM-12:00AM
0320,Sunday,6:00AM-11:00P
0320,Monday,6:00AM-12:00AM
0320,Tuesday,6:00AM-12:00AM
0320,Wednesday,6:00AM-12:00AM
0320,Thursday,6:00AM-12:00AM
0320,Friday,6:00AM-12:00AM
0320,Saturday,6:00AM-12:00AM
0192,Sunday,6:00AM-11:00P
0192,Monday,6:00AM-12:00AM
0192,Tuesday,6:00AM-12:00AM
0192,Wednesday,6:00AM-12:00AM
0192,Thursday,6:00AM-12:00AM
0192,Friday,6:00AM-12:00AM
0192,Saturday,6:00AM-12:00AM
0150,Sunday,6:00AM-11:00P
0150,Monday,6:00AM-12:00AM
0150,Tuesday,6:00AM-12:00AM
0150,Wednesday,6:00AM-12:00AM
0150,Thursday,6:00AM-12:00AM
0150,Friday,6:00AM-12:00AM
0150,Saturday,6:00AM-12:00AM
0762,Sunday,6:00AM-11:00P
0762,Monday,6:00AM-12:00AM
0762,Tuesday,6:00AM-12:00AM
0762,Wednesday,6:00AM-12:00AM
0762,Thursday,6:00AM-12:00AM
0762,Friday,6:00AM-12:00AM
0762,Saturday,6:00AM-12:00AM
0745,Sunday,6:00AM-11:00P
0745,Monday,6:00AM-12:00AM
0745,Tuesday,6:00AM-12:00AM
0745,Wednesday,6:00AM-12:00AM
0745,Thursday,6:00AM-12:00AM
0745,Friday,6:00AM-12:00AM
0745,Saturday,6:00AM-12:00AM
0775,Sunday,6:00AM-11:00P
0775,Monday,6:00AM-12:00AM
0775,Tuesday,6:00AM-12:00AM
0775,Wednesday,6:00AM-12:00AM
0775,Thursday,6:00AM-12:00AM
0775,Friday,6:00AM-12:00AM
0775,Saturday,6:00AM-12:00AM
0773,Sunday,6:00AM-11:00P
0773,Monday,6:00AM-12:00AM
0773,Tuesday,6:00AM-12:00AM
0773,Wednesday,6:00AM-12:00AM
0773,Thursday,6:00AM-12:00AM
0773,Friday,6:00AM-12:00AM
0773,Saturday,6:00AM-12:00AM
0121,Sunday,6:00AM-11:00P
0121,Monday,6:00AM-12:00AM
0121,Tuesday,6:00AM-12:00AM
0121,Wednesday,6:00AM-12:00AM
0121,Thursday,6:00AM-12:00AM
0121,Friday,6:00AM-12:00AM
0121,Saturday,6:00AM-12:00AM
0196,Sunday,6:00AM-11:00P
0196,Monday,6:00AM-12:00AM
0196,Tuesday,6:00AM-12:00AM
0196,Wednesday,6:00AM-12:00AM
0196,Thursday,6:00AM-12:00AM
0196,Friday,6:00AM-12:00AM
0196,Saturday,6:00AM-12:00AM
0744,Sunday,6:00AM-11:00P
0744,Monday,6:00AM-12:00AM
0744,Tuesday,6:00AM-12:00AM
0744,Wednesday,6:00AM-12:00AM
0744,Thursday,6:00AM-12:00AM
0744,Friday,6:00AM-12:00AM
0744,Saturday,6:00AM-12:00AM
0304,Sunday,6:00AM-11:00P
0304,Monday,6:00AM-12:00AM
0304,Tuesday,6:00AM-12:00AM
0304,Wednesday,6:00AM-12:00AM
0304,Thursday,6:00AM-12:00AM
0304,Friday,6:00AM-12:00AM
0304,Saturday,6:00AM-12:00AM
0781,Sunday,6:00AM-11:00P
0781,Monday,6:00AM-12:00AM
0781,Tuesday,6:00AM-12:00AM
0781,Wednesday,6:00AM-12:00AM
0781,Thursday,6:00AM-12:00AM
0781,Friday,6:00AM-12:00AM
0781,Saturday,6:00AM-12:00AM
0794,Sunday,6:00AM-11:00P
0794,Monday,6:00AM-12:00AM
0794,Tuesday,6:00AM-12:00AM
0794,Wednesday,6:00AM-12:00AM
0794,Thursday,6:00AM-12:00AM
0794,Friday,6:00AM-12:00AM
0794,Saturday,6:00AM-12:00AM
0111,Sunday,6:00AM-11:00P
0111,Monday,6:00AM-12:00AM
0111,Tuesday,6:00AM-12:00AM
0111,Wednesday,6:00AM-12:00AM
0111,Thursday,6:00AM-12:00AM
0111,Friday,6:00AM-12:00AM
0111,Saturday,6:00AM-12:00AM
0348,Sunday,6:00AM-11:00P
0348,Monday,6:00AM-12:00AM
0348,Tuesday,6:00AM-12:00AM
0348,Wednesday,6:00AM-12:00AM
0348,Thursday,6:00AM-12:00AM
0348,Friday,6:00AM-12:00AM
0348,Saturday,6:00AM-12:00AM
0313,Sunday,6:00AM-11:00P
0313,Monday,6:00AM-12:00AM
0313,Tuesday,6:00AM-12:00AM
0313,Wednesday,6:00AM-12:00AM
0313,Thursday,6:00AM-12:00AM
0313,Friday,6:00AM-12:00AM
0313,Saturday,6:00AM-12:00AM
0155,Sunday,6:00AM-11:00P
0155,Monday,6:00AM-12:00AM
0155,Tuesday,6:00AM-12:00AM
0155,Wednesday,6:00AM-12:00AM
0155,Thursday,6:00AM-12:00AM
0155,Friday,6:00AM-12:00AM
0155,Saturday,6:00AM-12:00AM
0788,Sunday,6:00AM-11:00P
0788,Monday,6:00AM-12:00AM
0788,Tuesday,6:00AM-12:00AM
0788,Wednesday,6:00AM-12:00AM
0788,Thursday,6:00AM-12:00AM
0788,Friday,6:00AM-12:00AM
0788,Saturday,6:00AM-12:00AM
2311,Sunday,6:00AM-11:00P
2311,Monday,6:00AM-12:00AM
2311,Tuesday,6:00AM-12:00AM
2311,Wednesday,6:00AM-12:00AM
2311,Thursday,6:00AM-12:00AM
2311,Friday,6:00AM-12:00AM
2311,Saturday,6:00AM-12:00AM
0740,Sunday,6:00AM-10:00P
0740,Monday,6:00AM-10:00P
0740,Tuesday,6:00AM-10:00P
0740,Wednesday,6:00AM-10:00P
0740,Thursday,6:00AM-10:00P
0740,Friday,6:00AM-10:00P
0740,Saturday,6:00AM-10:00P
0169,Sunday,6:00AM-11:00P
0169,Monday,6:00AM-12:00AM
0169,Tuesday,6:00AM-12:00AM
0169,Wednesday,6:00AM-12:00AM
0169,Thursday,6:00AM-12:00AM
0169,Friday,6:00AM-12:00AM
0169,Saturday,6:00AM-12:00AM
0362,Sunday,6:00AM-11:00P
0362,Monday,6:00AM-12:00AM
0362,Tuesday,6:00AM-12:00AM
0362,Wednesday,6:00AM-12:00AM
0362,Thursday,6:00AM-12:00AM
0362,Friday,6:00AM-12:00AM
0362,Saturday,6:00AM-12:00AM
0325,Sunday,6:00AM-11:00P
0325,Monday,6:00AM-12:00AM
0325,Tuesday,6:00AM-12:00AM
0325,Wednesday,6:00AM-12:00AM
0325,Thursday,6:00AM-12:00AM
0325,Friday,6:00AM-12:00AM
0325,Saturday,6:00AM-12:00AM
0754,Sunday,6:00AM-11:00P
0754,Monday,6:00AM-12:00AM
0754,Tuesday,6:00AM-12:00AM
0754,Wednesday,6:00AM-12:00AM
0754,Thursday,6:00AM-12:00AM
0754,Friday,6:00AM-12:00AM
0754,Saturday,6:00AM-12:00AM
0339,Sunday,6:00AM-11:00P
0339,Monday,6:00AM-12:00AM
0339,Tuesday,6:00AM-12:00AM
0339,Wednesday,6:00AM-12:00AM
0339,Thursday,6:00AM-12:00AM
0339,Friday,6:00AM-12:00AM
0339,Saturday,6:00AM-12:00AM
0741,Sunday,6:00AM-11:00P
0741,Monday,6:00AM-12:00AM
0741,Tuesday,6:00AM-12:00AM
0741,Wednesday,6:00AM-12:00AM
0741,Thursday,6:00AM-12:00AM
0741,Friday,6:00AM-12:00AM
0741,Saturday,6:00AM-12:00AM
0300,Sunday,6:00AM-11:00P
0300,Monday,6:00AM-12:00AM
0300,Tuesday,6:00AM-12:00AM
0300,Wednesday,6:00AM-12:00AM
0300,Thursday,6:00AM-12:00AM
0300,Friday,6:00AM-12:00AM
0300,Saturday,6:00AM-12:00AM
0344,Sunday,6:00AM-11:00P
0344,Monday,6:00AM-12:00AM
0344,Tuesday,6:00AM-12:00AM
0344,Wednesday,6:00AM-12:00AM
0344,Thursday,6:00AM-12:00AM
0344,Friday,6:00AM-12:00AM
0344,Saturday,6:00AM-12:00AM
0797,Sunday,6:00AM-11:00P
0797,Monday,6:00AM-12:00AM
0797,Tuesday,6:00AM-12:00AM
0797,Wednesday,6:00AM-12:00AM
0797,Thursday,6:00AM-12:00AM
0797,Friday,6:00AM-12:00AM
0797,Saturday,6:00AM-12:00AM
0791,Sunday,6:00AM-11:00P
0791,Monday,6:00AM-12:00AM
0791,Tuesday,6:00AM-12:00AM
0791,Wednesday,6:00AM-12:00AM
0791,Thursday,6:00AM-12:00AM
0791,Friday,6:00AM-12:00AM
0791,Saturday,6:00AM-12:00AM
0143,Sunday,6:00AM-11:00P
0143,Monday,6:00AM-12:00AM
0143,Tuesday,6:00AM-12:00AM
0143,Wednesday,6:00AM-12:00AM
0143,Thursday,6:00AM-12:00AM
0143,Friday,6:00AM-12:00AM
0143,Saturday,6:00AM-12:00AM
0308,Sunday,6:00AM-11:00P
0308,Monday,6:00AM-12:00AM
0308,Tuesday,6:00AM-12:00AM
0308,Wednesday,6:00AM-12:00AM
0308,Thursday,6:00AM-12:00AM
0308,Friday,6:00AM-12:00AM
0308,Saturday,6:00AM-12:00AM
0237,Sunday,6:00AM-11:00P
0237,Monday,6:00AM-12:00AM
0237,Tuesday,6:00AM-12:00AM
0237,Wednesday,6:00AM-12:00AM
0237,Thursday,6:00AM-12:00AM
0237,Friday,6:00AM-12:00AM
0237,Saturday,6:00AM-12:00AM
0227,Sunday,6:00AM-11:00P
0227,Monday,6:00AM-12:00AM
0227,Tuesday,6:00AM-12:00AM
0227,Wednesday,6:00AM-12:00AM
0227,Thursday,6:00AM-12:00AM
0227,Friday,6:00AM-12:00AM
0227,Saturday,6:00AM-12:00AM
0262,Sunday,6:00AM-11:00P
0262,Monday,6:00AM-12:00AM
0262,Tuesday,6:00AM-12:00AM
0262,Wednesday,6:00AM-12:00AM
0262,Thursday,6:00AM-12:00AM
0262,Friday,6:00AM-12:00AM
0262,Saturday,6:00AM-12:00AM
0141,Sunday,6:00AM-11:00P
0141,Monday,6:00AM-12:00AM
0141,Tuesday,6:00AM-12:00AM
0141,Wednesday,6:00AM-12:00AM
0141,Thursday,6:00AM-12:00AM
0141,Friday,6:00AM-12:00AM
0141,Saturday,6:00AM-12:00AM
0779,Sunday,6:00AM-11:00P
0779,Monday,6:00AM-12:00AM
0779,Tuesday,6:00AM-12:00AM
0779,Wednesday,6:00AM-12:00AM
0779,Thursday,6:00AM-12:00AM
0779,Friday,6:00AM-12:00AM
0779,Saturday,6:00AM-12:00AM
0194,Sunday,6:00AM-11:00P
0194,Monday,6:00AM-12:00AM
0194,Tuesday,6:00AM-12:00AM
0194,Wednesday,6:00AM-12:00AM
0194,Thursday,6:00AM-12:00AM
0194,Friday,6:00AM-12:00AM
0194,Saturday,6:00AM-12:00AM
2310,Sunday,6:00AM-11:00P
2310,Monday,6:00AM-12:00AM
2310,Tuesday,6:00AM-12:00AM
2310,Wednesday,6:00AM-12:00AM
2310,Thursday,6:00AM-12:00AM
2310,Friday,6:00AM-12:00AM
2310,Saturday,6:00AM-12:00AM
0129,Sunday,6:00AM-11:00P
0129,Monday,6:00AM-12:00AM
0129,Tuesday,6:00AM-12:00AM
0129,Wednesday,6:00AM-12:00AM
0129,Thursday,6:00AM-12:00AM
0129,Friday,6:00AM-12:00AM
0129,Saturday,6:00AM-12:00AM
0358,Sunday,6:00AM-11:00P
0358,Monday,6:00AM-12:00AM
0358,Tuesday,6:00AM-12:00AM
0358,Wednesday,6:00AM-12:00AM
0358,Thursday,6:00AM-12:00AM
0358,Friday,6:00AM-12:00AM
0358,Saturday,6:00AM-12:00AM
0250,Sunday,6:00AM-11:00P
0250,Monday,6:00AM-12:00AM
0250,Tuesday,6:00AM-12:00AM
0250,Wednesday,6:00AM-12:00AM
0250,Thursday,6:00AM-12:00AM
0250,Friday,6:00AM-12:00AM
0250,Saturday,6:00AM-12:00AM
0167,Sunday,6:00AM-11:00P
0167,Monday,6:00AM-12:00AM
0167,Tuesday,6:00AM-12:00AM
0167,Wednesday,6:00AM-12:00AM
0167,Thursday,6:00AM-12:00AM
0167,Friday,6:00AM-12:00AM
0167,Saturday,6:00AM-12:00AM
0117,Sunday,24 hours
0117,Monday,24 hours
0117,Tuesday,24 hours
0117,Wednesday,24 hours
0117,Thursday,24 hours
0117,Friday,24 hours
0117,Saturday,24 hours
0166,Sunday,6:00AM-11:00P
0166,Monday,6:00AM-12:00AM
0166,Tuesday,6:00AM-12:00AM
0166,Wednesday,6:00AM-12:00AM
0166,Thursday,6:00AM-12:00AM
0166,Friday,6:00AM-12:00AM
0166,Saturday,6:00AM-12:00AM
0799,Sunday,6:00AM-11:00P
0799,Monday,6:00AM-12:00AM
0799,Tuesday,6:00AM-12:00AM
0799,Wednesday,6:00AM-12:00AM
0799,Thursday,6:00AM-12:00AM
0799,Friday,6:00AM-12:00AM
0799,Saturday,6:00AM-12:00AM
0324,Sunday,6:00AM-11:00P
0324,Monday,6:00AM-12:00AM
0324,Tuesday,6:00AM-12:00AM
0324,Wednesday,6:00AM-12:00AM
0324,Thursday,6:00AM-12:00AM
0324,Friday,6:00AM-12:00AM
0324,Saturday,6:00AM-12:00AM
0257,Sunday,6:00AM-11:00P
0257,Monday,6:00AM-12:00AM
0257,Tuesday,6:00AM-12:00AM
0257,Wednesday,6:00AM-12:00AM
0257,Thursday,6:00AM-12:00AM
0257,Friday,6:00AM-12:00AM
0257,Saturday,6:00AM-12:00AM
0317,Sunday,6:00AM-11:00P
0317,Monday,6:00AM-12:00AM
0317,Tuesday,6:00AM-12:00AM
0317,Wednesday,6:00AM-12:00AM
0317,Thursday,6:00AM-12:00AM
0317,Friday,6:00AM-12:00AM
0317,Saturday,6:00AM-12:00AM
0790,Sunday,6:00AM-11:00P
0790,Monday,6:00AM-12:00AM
0790,Tuesday,6:00AM-12:00AM
0790,Wednesday,6:00AM-12:00AM
0790,Thursday,6:00AM-12:00AM
0790,Friday,6:00AM-12:00AM
0790,Saturday,6:00AM-12:00AM
0349,Sunday,6:00AM-11:00P
0349,Monday,6:00AM-12:00AM
0349,Tuesday,6:00AM-12:00AM
0349,Wednesday,6:00AM-12:00AM
0349,Thursday,6:00AM-12:00AM
0349,Friday,6:00AM-12:00AM
0349,Saturday,6:00AM-12:00AM
0352,Sunday,6:00AM-11:00P
0352,Monday,6:00AM-12:00AM
0352,Tuesday,6:00AM-12:00AM
0352,Wednesday,6:00AM-12:00AM
0352,Thursday,6:00AM-12:00AM
0352,Friday,6:00AM-12:00AM
0352,Saturday,6:00AM-12:00AM
0146,Sunday,6:00AM-11:00P
0146,Monday,6:00AM-12:00AM
0146,Tuesday,6:00AM-12:00AM
0146,Wednesday,6:00AM-12:00AM
0146,Thursday,6:00AM-12:00AM
0146,Friday,6:00AM-12:00AM
0146,Saturday,6:00AM-12:00AM
0337,Sunday,6:00AM-11:00P
0337,Monday,6:00AM-12:00AM
0337,Tuesday,6:00AM-12:00AM
0337,Wednesday,6:00AM-12:00AM
0337,Thursday,6:00AM-12:00AM
0337,Friday,6:00AM-12:00AM
0337,Saturday,6:00AM-12:00AM
0243,Sunday,6:00AM-11:00P
0243,Monday,6:00AM-12:00AM
0243,Tuesday,6:00AM-12:00AM
0243,Wednesday,6:00AM-12:00AM
0243,Thursday,6:00AM-12:00AM
0243,Friday,6:00AM-12:00AM
0243,Saturday,6:00AM-12:00AM
0331,Sunday,6:00AM-11:00P
0331,Monday,6:00AM-12:00AM
0331,Tuesday,6:00AM-12:00AM
0331,Wednesday,6:00AM-12:00AM
0331,Thursday,6:00AM-12:00AM
0331,Friday,6:00AM-12:00AM
0331,Saturday,6:00AM-12:00AM
0159,Sunday,6:00AM-11:00P
0159,Monday,6:00AM-12:00AM
0159,Tuesday,6:00AM-12:00AM
0159,Wednesday,6:00AM-12:00AM
0159,Thursday,6:00AM-12:00AM
0159,Friday,6:00AM-12:00AM
0159,Saturday,6:00AM-12:00AM
2306,Sunday,24 hours
2306,Monday,24 hours
2306,Tuesday,24 hours
2306,Wednesday,24 hours
2306,Thursday,24 hours
2306,Friday,24 hours
2306,Saturday,24 hours
0303,Sunday,6:00AM-11:00P
0303,Monday,6:00AM-12:00AM
0303,Tuesday,6:00AM-12:00AM
0303,Wednesday,6:00AM-12:00AM
0303,Thursday,6:00AM-12:00AM
0303,Friday,6:00AM-12:00AM
0303,Saturday,6:00AM-12:00AM
0165,Sunday,6:00AM-11:00P
0165,Monday,6:00AM-12:00AM
0165,Tuesday,6:00AM-12:00AM
0165,Wednesday,6:00AM-12:00AM
0165,Thursday,6:00AM-12:00AM
0165,Friday,6:00AM-12:00AM
0165,Saturday,6:00AM-12:00AM
0363,Sunday,6:00AM-11:00P
0363,Monday,6:00AM-12:00AM
0363,Tuesday,6:00AM-12:00AM
0363,Wednesday,6:00AM-12:00AM
0363,Thursday,6:00AM-12:00AM
0363,Friday,6:00AM-12:00AM
0363,Saturday,6:00AM-12:00AM
0346,Sunday,6:00AM-11:00P
0346,Monday,6:00AM-12:00AM
0346,Tuesday,6:00AM-12:00AM
0346,Wednesday,6:00AM-12:00AM
0346,Thursday,6:00AM-12:00AM
0346,Friday,6:00AM-12:00AM
0346,Saturday,6:00AM-12:00AM
0252,Sunday,6:00AM-11:00P
0252,Monday,6:00AM-12:00AM
0252,Tuesday,6:00AM-12:00AM
0252,Wednesday,6:00AM-12:00AM
0252,Thursday,6:00AM-12:00AM
0252,Friday,6:00AM-12:00AM
0252,Saturday,6:00AM-12:00AM
0322,Sunday,6:00AM-11:00P
0322,Monday,6:00AM-12:00AM
0322,Tuesday,6:00AM-12:00AM
0322,Wednesday,6:00AM-12:00AM
0322,Thursday,6:00AM-12:00AM
0322,Friday,6:00AM-12:00AM
0322,Saturday,6:00AM-12:00AM
0145,Sunday,6:00AM-11:00P
0145,Monday,6:00AM-12:00AM
0145,Tuesday,6:00AM-12:00AM
0145,Wednesday,6:00AM-12:00AM
0145,Thursday,6:00AM-12:00AM
0145,Friday,6:00AM-12:00AM
0145,Saturday,6:00AM-12:00AM
0108,Sunday,6:00AM-11:00P
0108,Monday,6:00AM-12:00AM
0108,Tuesday,6:00AM-12:00AM
0108,Wednesday,6:00AM-12:00AM
0108,Thursday,6:00AM-12:00AM
0108,Friday,6:00AM-12:00AM
0108,Saturday,6:00AM-12:00AM
0353,Sunday,24 hours
0353,Monday,24 hours
0353,Tuesday,24 hours
0353,Wednesday,24 hours
0353,Thursday,24 hours
0353,Friday,24 hours
0353,Saturday,24 hours
2305,Sunday,6:00AM-11:00P
2305,Monday,6:00AM-12:00AM
2305,Tuesday,6:00AM-12:00AM
2305,Wednesday,6:00AM-12:00AM
2305,Thursday,6:00AM-12:00AM
2305,Friday,6:00AM-12:00AM
2305,Saturday,6:00AM-12:00AM
0335,Sunday,6:00AM-11:00P
0335,Monday,6:00AM-12:00AM
0335,Tuesday,6:00AM-12:00AM
0335,Wednesday,6:00AM-12:00AM
0335,Thursday,6:00AM-12:00AM
0335,Friday,6:00AM-12:00AM
0335,Saturday,6:00AM-12:00AM
0131,Sunday,6:00AM-11:00P
0131,Monday,6:00AM-12:00AM
0131,Tuesday,6:00AM-12:00AM
0131,Wednesday,6:00AM-12:00AM
0131,Thursday,6:00AM-12:00AM
0131,Friday,6:00AM-12:00AM
0131,Saturday,6:00AM-12:00AM
0778,Sunday,6:00AM-11:00P
0778,Monday,6:00AM-12:00AM
0778,Tuesday,6:00AM-12:00AM
0778,Wednesday,6:00AM-12:00AM
0778,Thursday,6:00AM-12:00AM
0778,Friday,6:00AM-12:00AM
0778,Saturday,6:00AM-12:00AM
0144,Sunday,6:00AM-11:00P
0144,Monday,6:00AM-12:00AM
0144,Tuesday,6:00AM-12:00AM
0144,Wednesday,6:00AM-12:00AM
0144,Thursday,6:00AM-12:00AM
0144,Friday,6:00AM-12:00AM
0144,Saturday,6:00AM-12:00AM
0128,Sunday,6:00AM-11:00P
0128,Monday,6:00AM-12:00AM
0128,Tuesday,6:00AM-12:00AM
0128,Wednesday,6:00AM-12:00AM
0128,Thursday,6:00AM-12:00AM
0128,Friday,6:00AM-12:00AM
0128,Saturday,6:00AM-12:00AM
0197,Sunday,6:00AM-11:00P
0197,Monday,6:00AM-12:00AM
0197,Tuesday,6:00AM-12:00AM
0197,Wednesday,6:00AM-12:00AM
0197,Thursday,6:00AM-12:00AM
0197,Friday,6:00AM-12:00AM
0197,Saturday,6:00AM-12:00AM
2304,Sunday,6:00AM-11:00P
2304,Monday,6:00AM-12:00AM
2304,Tuesday,6:00AM-12:00AM
2304,Wednesday,6:00AM-12:00AM
2304,Thursday,6:00AM-12:00AM
2304,Friday,6:00AM-12:00AM
2304,Saturday,6:00AM-12:00AM
0100,Sunday,6:00AM-11:00P
0100,Monday,6:00AM-12:00AM
0100,Tuesday,6:00AM-12:00AM
0100,Wednesday,6:00AM-12:00AM
0100,Thursday,6:00AM-12:00AM
0100,Friday,6:00AM-12:00AM
0100,Saturday,6:00AM-12:00AM
0234,Sunday,6:00AM-11:00P
0234,Monday,6:00AM-12:00AM
0234,Tuesday,6:00AM-12:00AM
0234,Wednesday,6:00AM-12:00AM
0234,Thursday,6:00AM-12:00AM
0234,Friday,6:00AM-12:00AM
0234,Saturday,6:00AM-12:00AM
0109,Sunday,6:00AM-11:00P
0109,Monday,6:00AM-12:00AM
0109,Tuesday,6:00AM-12:00AM
0109,Wednesday,6:00AM-12:00AM
0109,Thursday,6:00AM-12:00AM
0109,Friday,6:00AM-12:00AM
0109,Saturday,6:00AM-12:00AM
0789,Sunday,6:00AM-11:00P
0789,Monday,6:00AM-12:00AM
0789,Tuesday,6:00AM-12:00AM
0789,Wednesday,6:00AM-12:00AM
0789,Thursday,6:00AM-12:00AM
0789,Friday,6:00AM-12:00AM
0789,Saturday,6:00AM-12:00AM
0770,Sunday,6:00AM-11:00P
0770,Monday,6:00AM-12:00AM
0770,Tuesday,6:00AM-12:00AM
0770,Wednesday,6:00AM-12:00AM
0770,Thursday,6:00AM-12:00AM
0770,Friday,6:00AM-12:00AM
0770,Saturday,6:00AM-12:00AM
0343,Sunday,6:00AM-11:00P
0343,Monday,6:00AM-12:00AM
0343,Tuesday,6:00AM-12:00AM
0343,Wednesday,6:00AM-12:00AM
0343,Thursday,6:00AM-12:00AM
0343,Friday,6:00AM-12:00AM
0343,Saturday,6:00AM-12:00AM
0359,Sunday,6:00AM-11:00P
0359,Monday,6:00AM-12:00AM
0359,Tuesday,6:00AM-12:00AM
0359,Wednesday,6:00AM-12:00AM
0359,Thursday,6:00AM-12:00AM
0359,Friday,6:00AM-12:00AM
0359,Saturday,6:00AM-12:00AM
0235,Sunday,6:00AM-11:00P
0235,Monday,6:00AM-12:00AM
0235,Tuesday,6:00AM-12:00AM
0235,Wednesday,6:00AM-12:00AM
0235,Thursday,6:00AM-12:00AM
0235,Friday,6:00AM-12:00AM
0235,Saturday,6:00AM-12:00AM
0256,Sunday,6:00AM-11:00P
0256,Monday,6:00AM-12:00AM
0256,Tuesday,6:00AM-12:00AM
0256,Wednesday,6:00AM-12:00AM
0256,Thursday,6:00AM-12:00AM
0256,Friday,6:00AM-12:00AM
0256,Saturday,6:00AM-12:00AM
0323,Sunday,6:00AM-11:00P
0323,Monday,6:00AM-12:00AM
0323,Tuesday,6:00AM-12:00AM
0323,Wednesday,6:00AM-12:00AM
0323,Thursday,6:00AM-12:00AM
0323,Friday,6:00AM-12:00AM
0323,Saturday,6:00AM-12:00AM
0365,Sunday,6:00AM-11:00P
0365,Monday,6:00AM-12:00AM
0365,Tuesday,6:00AM-12:00AM
0365,Wednesday,6:00AM-12:00AM
0365,Thursday,6:00AM-12:00AM
0365,Friday,6:00AM-12:00AM
0365,Saturday,6:00AM-12:00AM
0364,Sunday,6:00AM-11:00P
0364,Monday,6:00AM-12:00AM
0364,Tuesday,6:00AM-12:00AM
0364,Wednesday,6:00AM-12:00AM
0364,Thursday,6:00AM-12:00AM
0364,Friday,6:00AM-12:00AM
0364,Saturday,6:00AM-12:00AM
0388,Sunday,6:00AM-11:00P
0388,Monday,6:00AM-12:00AM
0388,Tuesday,6:00AM-12:00AM
0388,Wednesday,6:00AM-12:00AM
0388,Thursday,6:00AM-12:00AM
0388,Friday,6:00AM-12:00AM
0388,Saturday,6:00AM-12:00AM
0351,Sunday,6:00AM-11:00P
0351,Monday,6:00AM-12:00AM
0351,Tuesday,6:00AM-12:00AM
0351,Wednesday,6:00AM-12:00AM
0351,Thursday,6:00AM-12:00AM
0351,Friday,6:00AM-12:00AM
0351,Saturday,6:00AM-12:00AM
0385,Sunday,6:00AM-11:00P
0385,Monday,6:00AM-12:00AM
0385,Tuesday,6:00AM-12:00AM
0385,Wednesday,6:00AM-12:00AM
0385,Thursday,6:00AM-12:00AM
0385,Friday,6:00AM-12:00AM
0385,Saturday,6:00AM-12:00AM
0251,Sunday,6:00AM-11:00P
0251,Monday,6:00AM-12:00AM
0251,Tuesday,6:00AM-12:00AM
0251,Wednesday,6:00AM-12:00AM
0251,Thursday,6:00AM-12:00AM
0251,Friday,6:00AM-12:00AM
0251,Saturday,6:00AM-12:00AM
2351,Sunday,6:00AM-11:00P
2351,Monday,6:00AM-12:00AM
2351,Tuesday,6:00AM-12:00AM
2351,Wednesday,6:00AM-12:00AM
2351,Thursday,6:00AM-12:00AM
2351,Friday,6:00AM-12:00AM
2351,Saturday,6:00AM-12:00AM
0386,Sunday,6:00AM-11:00P
0386,Monday,6:00AM-12:00AM
0386,Tuesday,6:00AM-12:00AM
0386,Wednesday,6:00AM-12:00AM
0386,Thursday,6:00AM-12:00AM
0386,Friday,6:00AM-12:00AM
0386,Saturday,6:00AM-12:00AM
0387,Sunday,6:00AM-11:00P
0387,Monday,6:00AM-12:00AM
0387,Tuesday,6:00AM-12:00AM
0387,Wednesday,6:00AM-12:00AM
0387,Thursday,6:00AM-12:00AM
0387,Friday,6:00AM-12:00AM
0387,Saturday,6:00AM-12:00AM
0389,Sunday,6:00AM-11:00P
0389,Monday,6:00AM-12:00AM
0389,Tuesday,6:00AM-12:00AM
0389,Wednesday,6:00AM-12:00AM
0389,Thursday,6:00AM-12:00AM
0389,Friday,6:00AM-12:00AM
0389,Saturday,6:00AM-12:00AM
